body_art_e,body_art_1,Latitude,Longitude,registrati,COUNTY_NAM,CO_FIPS,customers
PLEASURABLE PAIN,101451,39.94292788,-91.38481391,ACTIVE,ADAMS,1,100
LOYAL TO NONE,102137,39.93302001,-91.4033402,ACTIVE,ADAMS,1,100
ABOVE AND BEYOND TATTOO STUDIO,102442,39.93187003,-91.40287007,ACTIVE,ADAMS,1,100
FADZ,102996,39.93577726,-91.36348791,ACTIVE,ADAMS,1,100
ELECTRIC TATTOO,105684,39.89615558,-91.40607984,ACTIVE,ADAMS,1,100
TATTOO KITCHEN,104083,38.8281044,-89.53889479,ACTIVE,BOND,5,100
STUDIO 36 SALON AND SPA,106948,38.82895883,-89.53900987,ACTIVE,BOND,5,100
ANDYS TAT2 CRUE,103770,42.26069955,-88.84452089,ACTIVE,BOONE,7,100
CHI-TOWN INKHOUSE TWILIGHT DRE,104703,42.37050025,-88.82220412,ACTIVE,BOONE,7,100
DEVILS GRIN,106229,42.26078943,-88.84461077,ACTIVE,BOONE,7,100
FANTASY BOUND INK,106583,42.25576893,-88.83968015,ACTIVE,BOONE,7,100
MATTY'S TORRID TATTOOS,100586,41.37154944,-89.46501809,ACTIVE,BUREAU,11,100
GRAPHIC IMAGES,104943,41.3876468,-89.4506927,ACTIVE,BUREAU,11,100
POOPY'S 3 INC,101352,42.07777011,-90.12589,ACTIVE,CARROLL,15,100
AGONY INK,105197,42.09368889,-90.15653034,ACTIVE,CARROLL,15,100
18 STORY TATTOO,100024,40.1111651,-88.24351331,ACTIVE,CHAMPAIGN,19,100
217 TATTOO CO,100214,40.11109276,-88.23202047,ACTIVE,CHAMPAIGN,19,100
MARK OF CAIN TATTOOS,100578,40.11026063,-88.23680025,ACTIVE,CHAMPAIGN,19,100
VISION WORLD TATTOO STUDIO,101006,40.11649102,-88.20830085,ACTIVE,CHAMPAIGN,19,100
NO REGRETS TATTOOS & BODY PIER,101626,40.11832085,-88.24446062,ACTIVE,CHAMPAIGN,19,500
NEWLIFE TATTOOS,101816,40.11016038,-88.24889115,ACTIVE,CHAMPAIGN,19,100
ALTERED EGOS TATTOOS INC,102715,40.130391,-88.24362061,WAIT/NO $$$,CHAMPAIGN,19,100
SUDDEN IMPACT TATTOO,103929,40.11839253,-88.26873658,ACTIVE,CHAMPAIGN,19,100
TYPECAST INC.,104521,40.11032055,-88.23023109,ACTIVE,CHAMPAIGN,19,100
PAIGN CITY TATTOO,104539,40.12414102,-88.23304035,ACTIVE,CHAMPAIGN,19,100
FIVE STAR TATTOO,104802,40.12031507,-88.24354396,ACTIVE,CHAMPAIGN,19,100
ADVANCED AESTHETICS SURGERY,104935,40.11754075,-88.28371082,ACTIVE,CHAMPAIGN,19,825
POUNDED OUT TATTOO,105270,40.31107003,-88.15737112,ACTIVE,CHAMPAIGN,19,100
LEGACY INK TATTOO AND PIERCING,106617,40.12178115,-88.24353073,ACTIVE,CHAMPAIGN,19,100
AMENITIES ON MAIN,101063,39.54936068,-89.29589064,ACTIVE,CHRISTIAN,21,100
FOREVER YOURS TATTOO STUDIO,101956,39.54936068,-89.29669032,ACTIVE,CHRISTIAN,21,100
ELECTRIC INK,103382,39.63554103,-89.1913406,ACTIVE,CHRISTIAN,21,100
NAUGHTY NEEDLE,104588,39.38907014,-89.0815108,ACTIVE,CHRISTIAN,21,100
PRETTY IN INK,106450,39.54763111,-89.29488008,ACTIVE,CHRISTIAN,21,100
TO THE MOON TATTOOS,106823,39.54917056,-89.29492041,ACTIVE,CHRISTIAN,21,100
SUICIDE KINGS TATTOO AND PIERC,104406,38.83847474,-88.58194548,ACTIVE,CLAY,25,100
SAMURAI TATTOO,101113,38.5303566,-89.1553577,ACTIVE,CLINTON,27,100
FINISHING TOUCH INK,102814,39.48152006,-88.36132049,ACTIVE,COLES,29,100
POOR BOYS TATTOO,102822,39.48441113,-88.1729108,ACTIVE,COLES,29,100
BROADWAY TATTOO,103168,39.48263086,-88.37752043,ACTIVE,COLES,29,100
WEA INK,103507,39.48462085,-88.17242108,ACTIVE,COLES,29,100
ATLANTIS TATAU,106872,39.48437844,-88.18193254,ACTIVE,COLES,29,100
AZTEC TATTOOS,100073,41.76547048,-87.72242025,WAIT/$ SENT,COOK,31,100
BASEMENT INK,100081,41.59841434,-87.73633445,ACTIVE,COOK,31,1000
BODY BY DESIGN,100099,41.64418509,-87.73792391,ACTIVE,COOK,31,100
CHICAGO TATTOOING CO INC,100164,41.93986035,-87.65487115,ACTIVE,COOK,31,100
DELUXE TATTOO,100230,41.9543007,-87.66648615,ACTIVE,COOK,31,100
ETCHED IN SKIN LLC,100297,41.74091824,-87.72166327,ACTIVE,COOK,31,100
FIREHOUSE TATTOOS #2,100354,41.75946111,-87.80012808,ACTIVE,COOK,31,100
MERIDIAN LINE,100594,41.86514274,-87.79672001,ACTIVE,COOK,31,100
PERFECTION DERMAGRAPHICS,100651,42.0526711,-87.9097007,ACTIVE,COOK,31,100
SHRED'S INFERNO TATTOOING,100750,41.77860732,-87.73032976,ACTIVE,COOK,31,1000
SKIN ABRASIONS,100768,41.88678046,-87.80192082,ACTIVE,COOK,31,100
TATTOO DEPOT,100800,41.74761962,-87.81957022,ACTIVE,COOK,31,100
TATTOO FACTORY,100818,41.96285328,-87.65582169,ACTIVE,COOK,31,100
TAYLOR STREET TATTOO,100859,41.86942017,-87.6562101,ACTIVE,COOK,31,100
TO THE POINT TATTOO STUDIO,100891,41.6234713,-87.71763092,ACTIVE,COOK,31,100
TOMATO TATTOO,100909,41.89598028,-87.67425023,ACTIVE,COOK,31,100
TOP HAT TATTOO,100933,41.95359427,-87.73459913,ACTIVE,COOK,31,100
TORIA'S GALLERY,100958,41.69612592,-87.68125827,ACTIVE,COOK,31,800
TWISTED TATTOO & PIERCING STU,100982,41.95678046,-87.72367047,ACTIVE,COOK,31,100
INK SPOT TATTOOS,101170,41.91488574,-87.8840001,ACTIVE,COOK,31,100
HEAD 2 TOE,101188,41.97274014,-87.66791307,ACTIVE,COOK,31,100
PERFECTION STUDIO INC,101196,42.0052096,-88.08200752,WAIT/NO $$$,COOK,31,100
REVOLUTION TATTOO,101261,41.92236063,-87.68755103,ACTIVE,COOK,31,100
METAMORPH STUDIOS,101337,41.90840073,-87.67437007,ACTIVE,COOK,31,100
FIFTH SUN GRAPHIX,101410,41.91935087,-87.76909114,ACTIVE,COOK,31,100
SURE-FIRE TATTOOS,101543,41.50197109,-87.64052022,ACTIVE,COOK,31,100
MASTERMIND INK LLC,101576,41.96199489,-87.66595851,ACTIVE,COOK,31,100
OLD TOWN TATU,101766,41.95390091,-87.71101035,ACTIVE,COOK,31,100
TATU TATTOO INC,101774,41.91056011,-87.67239045,ACTIVE,COOK,31,100
PRAIRIE TATTOO,101824,41.53348442,-87.63588516,ACTIVE,COOK,31,100
ALLEY,101881,41.94071073,-87.65122072,ACTIVE,COOK,31,100
CHI-TOWN TATTOO LLC,101915,41.9679811,-87.75423942,ACTIVE,COOK,31,100
MIKE'S DRAGON MASTER TATTOO,101949,41.51171402,-87.53647743,ACTIVE,COOK,31,100
ROYAL FLESH TATTOO & PIERCING,101964,41.95473096,-87.65049512,ACTIVE,COOK,31,100
HEATHEN INK CORPORATION,101972,41.79033385,-87.80960532,ACTIVE,COOK,31,100
ARTISTIC SKINPRESSIONS,102087,41.47056532,-87.63606253,ACTIVE,COOK,31,100
GALLERY OF INK LLC,102111,41.96967104,-87.74270042,ACTIVE,COOK,31,100
INFAMOUS INK,102129,41.91062003,-87.66801062,ACTIVE,COOK,31,100
TATTOO MAGIC INC,102160,41.65545401,-87.67923084,ACTIVE,COOK,31,100
INK-N-UM LLC,102178,41.61764201,-87.53953533,ACTIVE,COOK,31,100
AGELESS ARTS TATTOO AND BODY,102285,41.84773076,-87.70513025,ACTIVE,COOK,31,100
AGELESS ARTS TATTOO AND BODY,102293,41.90900311,-87.79461027,ACTIVE,COOK,31,100
COSMETIC ENHANCEMENT CLINIC,102301,42.00860076,-87.83040017,ACTIVE,COOK,31,100
JADE DRAGON TATTOO,102350,41.93862872,-87.76029592,ACTIVE,COOK,31,100
ART OF BODY COLORING SCHOOL,102400,41.57939087,-87.83237841,ACTIVE,COOK,31,100
NEW TRIBE TATTOO,102418,41.69021264,-87.78876997,ACTIVE,COOK,31,500
GYPSY TATTOO,102475,41.79802015,-87.72329022,ACTIVE,COOK,31,100
CHICAGO PERMANENT COSMETICS,102525,42.07562026,-87.70771045,ACTIVE,COOK,31,100
ROCK STAR INK,102699,41.90909095,-87.78966053,ACTIVE,COOK,31,100
SMOKE'N INK TATTOO'S,102798,41.89463034,-87.78204235,ACTIVE,COOK,31,100
SOUTH SIDE TATTOOS & BODY PIER,102871,41.7393685,-87.58572658,ACTIVE,COOK,31,100
PERFECT REFLECTIONS,102889,42.13723784,-87.88096768,ACTIVE,COOK,31,100
INSIGHT STUDIOS,102897,41.9011909,-87.66312034,ACTIVE,COOK,31,100
"GOODKIND TATTOO, INC.",103093,41.93949046,-87.6844802,ACTIVE,COOK,31,500
PIONEER STUDIOS,103101,41.94553472,-87.67269501,ACTIVE,COOK,31,100
CHICAGO INKED,103317,41.90224058,-87.76009131,ACTIVE,COOK,31,100
INKFUL THOUGHTS ART STUDIO INC,103325,41.74760088,-87.58586096,ACTIVE,COOK,31,100
BLACK & BLUE TATTOO,103564,41.87200388,-87.794335,ACTIVE,COOK,31,100
FOREVER INK,103622,41.90781077,-87.68712007,ACTIVE,COOK,31,100
ARCHER AVENUE TATTOO,103648,41.81268259,-87.70658222,ACTIVE,COOK,31,100
FOREVER INK,103671,41.89572514,-87.69456713,ACTIVE,COOK,31,100
4 ACES TATOO & BODY PIERCING,103721,41.92977403,-87.86874671,ACTIVE,COOK,31,100
TATTOO NOUVEAU,103747,41.94030052,-87.80683069,ACTIVE,COOK,31,100
WINDY CITY INK LLC,103762,41.90387311,-87.63368912,ACTIVE,COOK,31,100
JUSTICE TATTOO STUDIO,103879,41.73831571,-87.81872934,ACTIVE,COOK,31,100
LOREMY SPALON INC,103887,41.90733026,-87.90150106,ACTIVE,COOK,31,100
LUCKY STAR BODY JEWELRY #1 INC,103937,41.79845924,-87.72333952,ACTIVE,COOK,31,100
TNT ART & MORE INC,104166,41.75030068,-87.66659101,ACTIVE,COOK,31,100
LUCKY STAR BODY JEWELRY #3,104224,41.85198038,-87.68995008,ACTIVE,COOK,31,100
KIDD JOE'S TAT CAVE TATTOO,104265,41.94612548,-87.80698706,ACTIVE,COOK,31,100
SPEAKEASY CUSTOM TATTOO,104331,41.91045508,-87.67648687,ACTIVE,COOK,31,100
SKIN OF COLOR,104372,41.79802015,-87.72329022,ACTIVE,COOK,31,100
GEORGE PAPAS TATTOO,104414,41.99657611,-87.67009397,ACTIVE,COOK,31,100
"BEAD WORLD, INC.",104448,42.11009896,-88.04623436,ACTIVE,COOK,31,500
A + PLUS,104463,41.93936026,-87.70411048,ACTIVE,COOK,31,100
ZONE CUSTOM TATTOOING,104471,41.79216079,-87.79239029,ACTIVE,COOK,31,100
LEATHER SPORT,104570,41.8304811,-87.64609076,ACTIVE,COOK,31,100
FAMILY TATTOO,104596,41.939513,-87.68144115,ACTIVE,COOK,31,100
CRY BABIES,104604,41.49812022,-87.64002053,ACTIVE,COOK,31,100
PRO CUSTOM TATTOO,104620,41.78749059,-87.68385105,ACTIVE,COOK,31,100
APOCALIPSIS NOCTURNAL,104638,41.8209909,-87.69298058,ACTIVE,COOK,31,100
TATTOO UNION,104653,41.84519113,-87.64644105,ACTIVE,COOK,31,100
KROL BODY ART,104661,41.93852569,-87.7678479,ACTIVE,COOK,31,100
THE SHOP TATTOO STUDIO,104687,41.83492084,-87.67023107,ACTIVE,COOK,31,100
VAN'S SALON AND LASER CENTER,104729,41.97337195,-87.65979735,ACTIVE,COOK,31,100
SICK LIFE TATTOOS,104786,41.79726349,-87.72330123,ACTIVE,COOK,31,100
MIND CRUSHER TATTOO,104794,41.90905062,-87.79290075,ACTIVE,COOK,31,100
DARK WATER TATTOOS,104828,41.73670488,-87.79926478,ACTIVE,COOK,31,100
NATIVE RITUALS,104851,41.61223118,-87.75631081,ACTIVE,COOK,31,100
TATTOO CANDY INC,104877,41.94452018,-87.72733012,ACTIVE,COOK,31,100
LITTLE BUDDHA TATTOO,104885,41.46979021,-87.63761111,ACTIVE,COOK,31,780
ELECTRIC LAND TATTOO,104893,41.75823069,-87.80011058,ACTIVE,COOK,31,100
"AMAZING FACES, ALL STAR NAILS",104901,41.5102503,-87.61621092,ACTIVE,COOK,31,100
B-DISTINCT TATTOOS,104927,41.6351451,-87.73767504,ACTIVE,COOK,31,100
MARK OF EXCELLENCE TATTOOS,104968,41.48191203,-87.67786471,ACTIVE,COOK,31,100
SKIN PASSION TATTOOS,105015,41.77918118,-87.68696798,ACTIVE,COOK,31,100
BUMBLEBEE INK INC,105023,41.84445632,-87.71278621,ACTIVE,COOK,31,100
RED MOON CUSTOM TATTOOS AND PI,105031,41.69055023,-87.76230074,ACTIVE,COOK,31,100
CLAUDIA SKIN CARE CENTER,105056,41.89830309,-87.62404048,ACTIVE,COOK,31,100
RICASSO ART WORKS,105080,41.66180241,-87.68061865,ACTIVE,COOK,31,100
MAD TATTER INC,105114,41.90116344,-87.66741735,ACTIVE,COOK,31,100
CHICAGO TRUE BLUE TATTOO,105148,41.91027089,-87.69295062,ACTIVE,COOK,31,100
CHICAGO PERMANENT MAKEUP BY LA,105353,41.99724055,-87.72922102,ACTIVE,COOK,31,100
MARS HILL TATTOO & BODY PIERCE,105361,42.00816647,-87.67380345,ACTIVE,COOK,31,100
MEMOS TATTOOS & BODY PIERCING,105429,41.85198038,-87.68995008,ACTIVE,COOK,31,100
ILL STATE INK,105452,41.93731035,-87.72091076,ACTIVE,COOK,31,100
NATIVE SOUL,105486,41.85832263,-87.66622628,ACTIVE,COOK,31,100
SCYLLA & CORSETIERE,105544,41.9092903,-87.66766033,ACTIVE,COOK,31,100
TIMELESS TATTOOS,105569,41.79202754,-87.79950193,ACTIVE,COOK,31,600
INKHART TATTOO AND BODY PIERCE,105593,41.72947289,-87.6629148,ACTIVE,COOK,31,100
BURNT TIGER,105601,41.95401037,-87.68999041,ACTIVE,COOK,31,100
MIND & BODY CARE,105619,42.0047554,-88.0944923,ACTIVE,COOK,31,100
ANIMAL FARM TATTOO CO,105627,41.95299061,-87.72759054,ACTIVE,COOK,31,100
EVOLUTION TATTOO,105643,41.78501088,-87.72291112,ACTIVE,COOK,31,100
DIAMOND TATTOO,105650,41.91721108,-87.72241103,ACTIVE,COOK,31,100
TITOS TATTOOS,105700,41.85270766,-87.68072569,ACTIVE,COOK,31,100
SEVENTH TRIBE TATTOO,105726,41.66876613,-87.68047887,ACTIVE,COOK,31,100
DREAM CITY TATTOOS,105775,41.92299403,-87.8044259,ACTIVE,COOK,31,100
BEE TATTOO INC,105791,41.97591782,-87.65982819,ACTIVE,COOK,31,100
TATTOO WORLD STUDIO,105809,41.76573089,-87.56650031,ACTIVE,COOK,31,100
CHICAGOLAND ELECTRIC TATTOO,105817,42.14486108,-88.02781563,ACTIVE,COOK,31,100
WINDY CITY TATTOO GALLERY,105908,41.90381004,-87.63533074,ACTIVE,COOK,31,100
SALON NUEVA IMAGEN,105924,41.7904001,-87.70346059,ACTIVE,COOK,31,100
OTHERSIDE TATTOO,105932,41.92367078,-87.69859105,ACTIVE,COOK,31,100
CODE OF CONDUCT,105965,41.86928101,-87.62693593,ACTIVE,COOK,31,100
"CLEOPATRA'S MAGNIFICIENT 7""  """,106039,41.74435097,-87.57303289,ACTIVE,COOK,31,100
ROCKSTAR HAIR & BODY ART,106047,41.85674046,-87.6661301,ACTIVE,COOK,31,100
ROYALTY OF BEAUTY,106054,41.97921079,-87.79804108,ACTIVE,COOK,31,100
VAMPIRES PROFESSIONAL TATTOOS,106062,41.94302873,-87.74701693,ACTIVE,COOK,31,100
KIM SUN YOUNG BEAUTY SALON,106104,42.05023431,-87.83419841,ACTIVE,COOK,31,1000
STAINED IN PAIN TATTOO,106120,41.95734262,-87.7515608,ACTIVE,COOK,31,100
BUTTERFAT STUDIOS,106179,41.92810277,-87.70570356,ACTIVE,COOK,31,100
MARC ANTHONY SALON,106203,41.6211351,-87.85362524,ACTIVE,COOK,31,100
CHICAGO INK TATTOO & BODY PIER,106211,41.93918298,-87.72395495,ACTIVE,COOK,31,100
TAT 2K LLC,106286,41.88068028,-87.72926019,ACTIVE,COOK,31,100
MARIO INK,106328,41.9082302,-87.66763037,ACTIVE,COOK,31,100
INTERNATIONAL SKIN BEAUTY ACAD,106336,42.0446201,-88.04541076,ACTIVE,COOK,31,100
MEXICA TATTOO,106401,41.96103008,-87.68865031,ACTIVE,COOK,31,100
MORTAL CANVAS LLC,106435,41.9480911,-87.74715053,ACTIVE,COOK,31,100
COMPREHENSIVE CTR FOR WOMEN,106484,41.89917095,-87.62845047,ACTIVE,COOK,31,100
MARIOS SALON,106492,41.68508394,-87.7972684,ACTIVE,COOK,31,100
SACRAMENT TATTOO,106559,41.89564036,-87.70133002,ACTIVE,COOK,31,100
PINK INK,106591,41.80429544,-87.72011677,ACTIVE,COOK,31,100
CHICAGO STATE TATTOO,106625,41.89677806,-87.68682458,ACTIVE,COOK,31,100
M P PRODUCTIONS,106641,41.89643046,-87.86412053,ACTIVE,COOK,31,100
NUOVO AESTHETICS & SMARTLIPO,106690,41.85503472,-87.62220843,ACTIVE,COOK,31,100
GREAT LAKES TATTOO CO,106716,41.89107041,-87.65653043,ACTIVE,COOK,31,1000
BIG AL'S TATTOO AND PIERCING,106815,41.70302974,-87.78964897,ACTIVE,COOK,31,100
SERPENTS LAIR TATTOO,106856,41.95772072,-87.72501058,ACTIVE,COOK,31,100
WEST TOWN TATTOO,106880,41.89595194,-87.67493233,ACTIVE,COOK,31,100
ETERNAL STUDIO INC,106898,41.79365069,-87.80160048,ACTIVE,COOK,31,100
DOUBLE MINDED INK,106906,41.95362385,-87.72722961,ACTIVE,COOK,31,100
K N M KUTZ,106971,41.85206104,-87.68334059,ACTIVE,COOK,31,100
FAMILY TATTOO,200790,41.939513,-87.68144115,WAIT/$ SENT,COOK,31,100
CELEBRATING YOU-SUBURBAN WOMAN,201301,42.05803933,-88.14025757,ACTIVE,COOK,31,100
IMMERSED IN INK,201327,41.55600502,-87.79011467,ACTIVE,COOK,31,100
EPIC INK,103499,39.00216964,-87.73923856,ACTIVE,CRAWFORD,33,100
OUT ON A WHIM,100644,41.93056028,-88.75346062,ACTIVE,DEKALB,37,100
PROTON STUDIO,101311,41.91650013,-88.69980114,ACTIVE,DEKALB,37,100
SPIDER TATTOOZ,102517,41.98842469,-88.68403653,ACTIVE,DEKALB,37,100
PROTON TATTOO,102566,41.92925125,-88.75010472,ACTIVE,DEKALB,37,100
CAMPUS TATTOO,102780,41.93100045,-88.77249056,ACTIVE,DEKALB,37,100
MANIPULATIONS TATTOOS 7 PIERCE,104711,41.63354437,-88.6826315,ACTIVE,DEKALB,37,100
DEKALB TATTOO COMPANY,106708,41.93111107,-88.76882055,ACTIVE,DEKALB,37,100
ETCHINGS ETERNAL BODY ART STUD,105759,40.16001042,-88.95399002,ACTIVE,DEWITT,39,100
BIG GUN TATTOO,103085,39.8621094,-88.16156339,ACTIVE,DOUGLAS,41,100
VINTAGE KARMA LLC,105379,39.79986033,-88.28796219,ACTIVE,DOUGLAS,41,100
TOMATO TATTOO WEST,100917,41.78638842,-88.0750621,ACTIVE,DUPAGE,43,100
BROTHER E'S BODY ART,101295,41.80916041,-88.0044909,ACTIVE,DUPAGE,43,100
SKIN GALLERY TATTOOING & BODY,101444,41.80814064,-88.01958004,ACTIVE,DUPAGE,43,100
DOWNERS GROVE TATTOO CO,101550,41.80937155,-88.00017249,ACTIVE,DUPAGE,43,100
ROSELLE TATTOO CO,101683,41.98300122,-88.07769121,ACTIVE,DUPAGE,43,100
INKTOWN TATTOO,102038,41.86756048,-88.01108035,ACTIVE,DUPAGE,43,100
RISING PHOENIX TATTOO,102046,41.93206772,-87.98919107,ACTIVE,DUPAGE,43,100
BLUSH AND GLOW STUDIO,102152,41.87795052,-88.06397057,ACTIVE,DUPAGE,43,100
NOODLES TATTOO,103143,41.81783019,-88.17311015,ACTIVE,DUPAGE,43,100
N U 2 UNISEX HAIR SALON,103820,41.88929063,-87.97910086,ACTIVE,DUPAGE,43,100
DERMAL PARADOX BODY ART STUDIO,104117,41.82046085,-88.20253022,ACTIVE,DUPAGE,43,500
DEUX SALON & CO,105122,41.91851319,-87.93969601,ACTIVE,DUPAGE,43,100
ADVANCED COSMETIC SPA,105304,41.77083135,-88.15302045,ACTIVE,DUPAGE,43,100
TAVOOS SKIN & HALO THERAPY,105833,41.86091455,-88.05391637,ACTIVE,DUPAGE,43,100
NOW OR NEVER,105841,41.82351102,-88.18156017,ACTIVE,DUPAGE,43,100
DEBORAH DAVIS DAY SPA,105981,41.89493055,-88.055431,WAIT/$ SENT,DUPAGE,43,100
ASE ONE TATTOO,106542,41.96513105,-88.10232083,ACTIVE,DUPAGE,43,100
ANGELS BODY JEWELRY,107003,41.90548085,-87.98571101,ACTIVE,DUPAGE,43,100
LASTING BEAUTY,101436,39.12031237,-88.54078929,ACTIVE,EFFINGHAM,49,100
MAINLY YOU SALON & SPA,103580,39.13162454,-88.47727151,ACTIVE,EFFINGHAM,49,350
LASTING IMPRESSIONS,103952,39.12139743,-88.53938127,ACTIVE,EFFINGHAM,49,100
CELTIC ART,105254,39.10148369,-88.54707868,ACTIVE,EFFINGHAM,49,100
MARANATHA'S,104984,38.96073129,-89.09892024,ACTIVE,FAYETTE,51,100
HAYS INK,103549,40.46072627,-88.09747288,ACTIVE,FORD,53,100
HAYS INK,106500,40.46291165,-88.10074935,ACTIVE,FORD,53,100
DILLINGER INK,102335,37.99496312,-88.90284997,ACTIVE,FRANKLIN,55,100
D-N-A TATTOO PARLOR,105577,37.8977653,-88.92669962,ACTIVE,FRANKLIN,55,100
HEROES & MADMEN TATTOOING CO,103150,40.55546105,-90.03432306,ACTIVE,FULTON,57,100
MR E INK,104612,40.55902887,-90.03515502,ACTIVE,FULTON,57,100
WILD CHERRY TATTOO STUDIO,105106,40.44517618,-90.02280769,ACTIVE,FULTON,57,100
MAIN STREET SOCIAL CLUB,105403,40.55542396,-90.03515117,ACTIVE,FULTON,57,100
AMERICAN TATTOO INC,101485,41.45322401,-88.27193205,WAIT/NO $$$,GRUNDY,63,100
AUDACIOUS INK,105346,41.37437301,-88.42212536,ACTIVE,GRUNDY,63,100
TAT2U,101246,40.39595136,-91.33961136,WAIT/NO $$$,HANCOCK,67,100
HOGROCK 2013 - TATTITUDES,201319,37.46681276,-88.16625685,ACTIVE,HARDIN,69,100
TATTOO INK,100826,41.24562861,-89.92506865,WAIT/$ SENT,HENRY,73,100
K-INKS,101097,41.51806646,-90.24903495,ACTIVE,HENRY,73,100
TNT TATTOO & BODY PIERCING,103481,41.24152077,-89.92491006,ACTIVE,HENRY,73,100
BAD DONKEY TATTOOS,105783,40.77618958,-87.73270304,ACTIVE,IROQUOIS,75,2500
KARMA TATTOOS & BODY PIERCING,100529,37.72836436,-89.23729932,ACTIVE,JACKSON,77,100
TRIPHAMMER,100602,37.72713122,-89.21786592,ACTIVE,JACKSON,77,100
TUFF LUCK TATTOOS,100966,37.74238258,-89.16256399,ACTIVE,JACKSON,77,751
HARD TIMES TATTOOS,101709,37.72520268,-89.21687679,ACTIVE,JACKSON,77,100
ARTISTIC MIND TATTOOS,101808,37.72075812,-89.21767731,ACTIVE,JACKSON,77,100
REDFEATHER CUSTOMS,104273,37.77593703,-89.3605747,ACTIVE,JACKSON,77,100
BOMBER CREW TATTOO,104364,37.72425201,-89.21663203,ACTIVE,JACKSON,77,100
STAY TRUE,105155,37.76365632,-89.3354384,ACTIVE,JACKSON,77,100
NEW YOU COSMETICS,101600,38.99083172,-88.16798959,ACTIVE,JASPER,79,100
KNUCKLE UP TATTOO,103226,38.31527087,-88.951001,ACTIVE,JEFFERSON,81,100
PREMIER INK TATTOO,103697,38.31518099,-88.9262903,ACTIVE,JEFFERSON,81,100
BEARDED LADY TATTOO PARLOR,103796,38.3170811,-88.90078108,ACTIVE,JEFFERSON,81,100
GIORNO DEI SANTI,105742,38.31644165,-88.89520311,ACTIVE,JEFFERSON,81,100
SACRED INK TATTOO STUDIO,101675,39.11913071,-90.32573033,WAIT/NO $$$,JERSEY,83,100
STUDIO II,102749,39.11816049,-90.32666022,ACTIVE,JERSEY,83,100
GARY'S PROFESSIONAL TATTOOING,106567,42.41693124,-90.42664912,ACTIVE,JO DAVIESS,85,100
TAT 2 HELLION CUSTOM TATTOO,106765,42.34992826,-90.00714903,ACTIVE,JO DAVIESS,85,100
TIMELESS ART TATTOO STUDIO,106831,42.25686481,-90.28503651,ACTIVE,JO DAVIESS,85,100
HOMETOWN INC,103432,37.47207147,-88.97430004,ACTIVE,JOHNSON,87,100
IT'S BEAUTY & BEYOND,100503,42.07561073,-88.37451067,ACTIVE,KANE,89,100
TWIZTED IMAGES CUSTOM TATTOOS,100537,41.84987935,-88.30481399,ACTIVE,KANE,89,100
RONIN TATTOO STUDIO,100735,41.75695053,-88.31577129,ACTIVE,KANE,89,100
TOPNOTCH TATTOOS,100941,42.03723051,-88.28172083,ACTIVE,KANE,89,100
TRANQUILITY SKIN & BODY CTR,101055,41.91524068,-88.31190025,ACTIVE,KANE,89,100
JOE C'S FREE SPIRIT TATTOOS IN,101238,42.03672005,-88.26395033,ACTIVE,KANE,89,100
DON'S DOWNTOWN INK LTD,101428,41.7554202,-88.31449911,ACTIVE,KANE,89,100
AUGIE'S PLACE TATTOOING & PIER,101592,41.99404005,-88.29013508,ACTIVE,KANE,89,100
IN THE SKIN TATTOOS,101782,42.00887054,-88.29111078,ACTIVE,KANE,89,100
PLAYGROUND TATTOO LLC,103440,41.9012795,-88.33857762,ACTIVE,KANE,89,100
SHEAR TALENT WITH COLOR,103754,41.76442115,-88.36389898,ACTIVE,KANE,89,100
ANGEL'S BODY JEWELRY,103911,42.02584501,-88.31200235,ACTIVE,KANE,89,100
SKIN OF A DIFFERENT COLOR INC,104042,41.76038084,-88.26500006,ACTIVE,KANE,89,100
CHOSEN FEW/FESS GRAPHICS & SON,104125,42.03482109,-88.28859073,ACTIVE,KANE,89,100
G THANG TATTOO,104737,41.77765948,-88.30825289,ACTIVE,KANE,89,100
"FIVE-O TATTOO, LLC",105163,41.89222038,-88.47177022,ACTIVE,KANE,89,100
AURORA JEWELRY,105221,41.75644538,-88.31360792,ACTIVE,KANE,89,100
SACRED EYE TATTOO LLC,105387,42.05458991,-88.26947802,ACTIVE,KANE,89,600
CHITOWN EFFECTS TATTOO,105460,41.75326089,-88.32739039,ACTIVE,KANE,89,100
SIMPLE AND INTERNAL INK,105528,41.75831019,-88.29851073,ACTIVE,KANE,89,100
KAOTIC CREATIONZ TATTOO,105551,41.75602061,-88.28280051,ACTIVE,KANE,89,100
VANITY TATTOO INC,105692,42.10677997,-88.29263064,ACTIVE,KANE,89,100
TOTALLY COOL MAKE-UP DBA TCM,105858,41.90772089,-88.33428103,ACTIVE,KANE,89,100
GOLDEN HEART TATTOO,105882,42.10938989,-88.29518064,ACTIVE,KANE,89,100
DAWG POUND INK,105940,42.12711891,-88.26826102,ACTIVE,KANE,89,100
FALLEN STAR TATTOO,106278,41.8478506,-88.31177005,ACTIVE,KANE,89,100
TWIZTED IMAGES CUSTOM TATTOOS,106526,41.85000076,-88.30635086,ACTIVE,KANE,89,100
BARBARA'S IMAGE-(PERM. MAKEUP),106989,41.92153322,-88.2855799,ACTIVE,KANE,89,100
DARKSIDE TATTOO & BODY PIERCIN,100206,41.14466681,-87.85101439,ACTIVE,KANKAKEE,91,100
ULTIMATE IMAGE,101469,41.24947036,-87.83504087,WAIT/NO $$$,KANKAKEE,91,100
RAW DOG INK TATTOO & PIERCINGS,103424,41.11877043,-87.87391081,ACTIVE,KANKAKEE,91,100
ROGER'S TATTOOING,104695,41.146121,-87.85101035,ACTIVE,KANKAKEE,91,100
DOWNTOWN TATTOO,105767,41.11944244,-87.86411002,ACTIVE,KANKAKEE,91,100
INK 180_TATTOO,106575,41.68268014,-88.33699005,ACTIVE,KENDALL,93,100
HAWK'S TATTOOS,100404,40.94818953,-90.36466255,ACTIVE,KNOX,95,100
BUZZ & CO SALON,104257,40.94933134,-90.37110335,ACTIVE,KNOX,95,100
SHOP,105098,40.94007102,-90.34578005,ACTIVE,KNOX,95,100
PHOENIX TATTOO STUDIO,106377,40.96046066,-90.38321079,ACTIVE,KNOX,95,100
MONSTERS INK,106385,40.94741284,-90.35904589,ACTIVE,KNOX,95,100
HAWKS TATTOOS,106534,40.94691038,-90.36466107,ACTIVE,KNOX,95,100
BUSTOS TATTOO CO,100156,42.37476974,-88.08976095,ACTIVE,LAKE,97,100
LIBERTY TAT2,100552,42.47817273,-88.09607142,ACTIVE,LAKE,97,100
LIBERTY TATTOO INC,100560,42.29443898,-87.95581838,ACTIVE,LAKE,97,100
MODERN TATTOO,100628,42.30700108,-87.87721541,ACTIVE,LAKE,97,100
WICKED BY DESIGN INC,101014,42.38853174,-88.17910473,ACTIVE,LAKE,97,100
PRIVATE INK,101857,42.30594968,-87.97024046,ACTIVE,LAKE,97,100
INK DEPENDENT TATTOOS,101980,42.47262965,-87.82478734,ACTIVE,LAKE,97,100
ELECTRIC ART TATTOOS,101998,42.39711941,-88.18052047,ACTIVE,LAKE,97,100
ABSOLUTELY ELECTROLYSIS SALON,102210,42.18510982,-88.19346061,ACTIVE,LAKE,97,100
EXPLOITED TATTOO INC,103176,42.39410965,-88.18398078,ACTIVE,LAKE,97,100
LUCKY SEVEN STUDIO,103259,42.30596257,-87.96549227,ACTIVE,LAKE,97,100
MAGIC MIKEY'S LIBERATED TATTOO,103663,42.46628029,-88.09225094,ACTIVE,LAKE,97,365
GOOD FAMILY TATTOO INC,103895,42.42583094,-88.17027785,ACTIVE,LAKE,97,100
DINOSAUR STUDIO,104109,42.36154961,-87.83133052,ACTIVE,LAKE,97,100
STUDIO 21 SALON AND SPA,104182,42.3631893,-87.9281303,ACTIVE,LAKE,97,100
GLOMORE COSMETICS & SPA,104356,42.36874907,-87.9248705,ACTIVE,LAKE,97,100
STUDIO ONE CHICAGO,104398,42.3268394,-87.84436053,ACTIVE,LAKE,97,100
MAXIMUM TATTOO STUDIO,104489,42.16692346,-87.92153802,ACTIVE,LAKE,97,100
SHATTERED IMAGE,104646,42.47781585,-88.12635037,ACTIVE,LAKE,97,100
PATRICIA ANTHONY'S LASH STUDIO,105072,42.16154911,-88.14050056,ACTIVE,LAKE,97,100
ART WITH ATATTOOED,105262,42.30599835,-87.96200362,ACTIVE,LAKE,97,100
HOUSE OF PAIN TATTOO & BODY,100412,41.13013969,-88.81345111,WAIT/NO $$$,LASALLE,99,100
PIT STUDIO,100677,41.34609308,-88.84201969,WAIT/NO $$$,LASALLE,99,100
SKIN SCRIBE TATTOO,100776,41.34681361,-88.84295194,WAIT/$ SENT,LASALLE,99,100
JARIN'S INK FIX TATTOOING,101089,41.31655304,-88.61003549,ACTIVE,LASALLE,99,100
FOREVER INKED TATTOO CO,102079,41.37121891,-88.83600875,ACTIVE,LASALLE,99,100
JADE N'SAGE TATTOOS,103002,41.35796439,-89.01028037,ACTIVE,LASALLE,99,100
SUNKEN SHIP TATTOO,103119,41.32866182,-89.09541875,ACTIVE,LASALLE,99,100
MAD TATTER'S TATTOO SHOP,103184,41.34416285,-89.00813424,ACTIVE,LASALLE,99,100
PHAROAH INK TATTOO,103523,41.14477004,-88.83583325,ACTIVE,LASALLE,99,100
PERMANENT IMAGES TATTOO & BODY,103531,41.34680654,-88.84578901,ACTIVE,LASALLE,99,100
SICK FISH TATTOOS AND BODY PEI,104380,41.55631132,-89.13060724,ACTIVE,LASALLE,99,100
BEAUTIFUL PAIN TATTOO CO,105494,41.34683536,-88.84926801,ACTIVE,LASALLE,99,1000
ROWES TATTOO STUDIO,106633,41.12069842,-88.8342089,ACTIVE,LASALLE,99,100
EVIL INK TATTOO,100339,41.84341864,-89.48403318,WAIT/NO $$$,LEE,103,100
METAL MONKEY INK,101873,41.71029432,-89.33982295,ACTIVE,LEE,103,100
EVIL INK TATTOO,103358,41.84017322,-89.47954429,ACTIVE,LEE,103,100
LIVING DREAMS TATTOO STUDIO,105676,40.14731231,-89.36325454,ACTIVE,LOGAN,107,250
TATTOO U,100842,39.84566793,-88.92635649,ACTIVE,MACON,115,250
ARTISTIC COSMETICS PERMANENT,101279,39.87875628,-88.93851185,ACTIVE,MACON,115,250
IT'S JUST A LITTLE PRICK,102640,39.84553177,-88.97171687,ACTIVE,MACON,115,250
TANTRIC TATTOO,102673,39.8611116,-88.95623612,ACTIVE,MACON,115,250
SNAKE SKIN TATTOO STUDIO,104307,39.84584039,-88.95246002,ACTIVE,MACON,115,250
SKINSATIONS DAY SPA,104422,39.89117503,-88.93645617,ACTIVE,MACON,115,250
RATED R TATTOO,104992,39.89117503,-88.93645617,ACTIVE,MACON,115,250
URBAN LEGENDZ TATTOO PARLOR,105247,39.84025312,-88.94040805,ACTIVE,MACON,115,250
BITE THE BULLET TATTOO COMPANY,105585,39.8794621,-88.93621628,ACTIVE,MACON,115,250
RATED R TATTOO COMPANY,106021,39.87178803,-88.95651067,ACTIVE,MACON,115,250
ENDLESS INK,106161,39.84651822,-88.92837954,ACTIVE,MACON,115,250
HEALING ARTS BOUTIQUE & STUDIO,106864,39.84561751,-88.96948953,WAIT/$ SENT,MACON,115,250
SOUTH PAW TATTOO,106922,39.78351728,-88.87131707,ACTIVE,MACON,115,250
TWILIGHT TATTOO,101360,39.27970563,-89.88229901,WAIT/NO $$$,MACOUPIN,117,250
MATTOO'S BODY ARTS STUDIO,102509,39.12598715,-89.81728625,ACTIVE,MACOUPIN,117,250
BODY TREASURES,100131,38.92115016,-90.18038028,ACTIVE,MADISON,119,250
FLESH TONES BODYART,100370,38.86095032,-90.09940018,ACTIVE,MADISON,119,352
EXTREME INK TATTOOS,101220,38.71590101,-90.12246081,ACTIVE,MADISON,119,250
OFF THE WALL TATTOO,101477,38.89652353,-90.1343067,ACTIVE,MADISON,119,250
REALITY SALON & SPA,101535,38.81254268,-89.96017813,ACTIVE,MADISON,119,250
FOR LIFE TATTOO,102145,38.8933402,-90.13281707,ACTIVE,MADISON,119,250
GATO NEGRO TATTOO,102186,38.91289126,-90.13833205,ACTIVE,MADISON,119,250
SHEAR TECHNIQUES & PERMANENT,102228,38.71755029,-89.89203161,ACTIVE,MADISON,119,250
FLAM-N-DON'S TATTOOS,102376,38.70081117,-90.14807983,ACTIVE,MADISON,119,250
EASTSIDE TATTOO & PIERCING,102764,38.84865641,-90.07848125,ACTIVE,MADISON,119,250
EVERMORE GALLERY,102855,38.8114402,-89.95586037,ACTIVE,MADISON,119,250
APHRODITE SKIN CARE LLC,102988,38.72540043,-89.95669001,ACTIVE,MADISON,119,250
UNDER YOUR SKIN TATTOOZ,103739,38.74928033,-89.67177091,ACTIVE,MADISON,119,100
TEENA'S DAY SPA & BOUTIQUE,104208,38.92354114,-90.20065008,ACTIVE,MADISON,119,100
PERMANENT GREAT LOOKS,104554,38.90423004,-90.14802074,ACTIVE,MADISON,119,100
DUTCH HOLLOW MEDICAL DAY SPA,104844,38.93054011,-90.1915701,ACTIVE,MADISON,119,100
ART ASYLUM,106013,38.90332089,-90.14879046,ACTIVE,MADISON,119,100
AMERICAN CLASSIC TATTOO EMPORI,106658,38.81372057,-89.95836082,ACTIVE,MADISON,119,100
UNDERGROUND ARTWORKS TATTOO,106773,38.80659024,-89.95169026,ACTIVE,MADISON,119,800
DADDYO'S TATTOO,100180,38.52760123,-89.13390148,ACTIVE,MARION,121,100
TATTOO SHOP UNTAMED,101634,38.52728105,-89.13247368,ACTIVE,MARION,121,100
PERMANENT MAKEUP CENTER,104232,38.80130461,-89.07411585,ACTIVE,MARION,121,100
CRAZY DAYS TATTOOS,104323,38.61170505,-89.12138014,ACTIVE,MARION,121,100
DERMAJESTIC,105007,38.62704468,-88.9453335,ACTIVE,MARION,121,100
618 INK,106252,38.62704468,-88.94441601,ACTIVE,MARION,121,100
WENONA INK,104778,41.05292678,-89.05001065,ACTIVE,MARSHALL,123,100
TINY TOWN AIRBRUSH AND TATTOO,103861,40.20239373,-89.69609252,ACTIVE,MASON,125,100
SNAKE HEAD TATTOO,100545,37.15154072,-88.73141085,ACTIVE,MASSAC,127,100
SNAKEHEAD TATTOOS,106260,37.14525596,-88.7181158,ACTIVE,MASSAC,127,100
FADZ,101527,40.45898033,-90.69024759,ACTIVE,MCDONOUGH,109,100
TITANIUM TATTOO,104026,40.55232109,-90.50989041,ACTIVE,MCDONOUGH,109,100
BLACK SQUID,104174,40.45989074,-90.66948076,ACTIVE,MCDONOUGH,109,100
BLACK SQUID,104752,40.45860061,-90.67172314,ACTIVE,MCDONOUGH,109,100
TATTOO BLUE AND PIERCING,106682,40.46176097,-90.67165242,ACTIVE,MCDONOUGH,109,100
FULL MOON TATTOO LLC,100149,42.24864898,-88.2885504,ACTIVE,MCHENRY,111,250
REDWOOD'S WILD SIDE TATTOO,100701,42.46272922,-88.3064707,ACTIVE,MCHENRY,111,250
FOX VALLEY TATTOO,101501,42.17614968,-88.30930071,ACTIVE,MCHENRY,111,250
DAY DREAM TANNING,102681,42.23300432,-88.57425589,ACTIVE,MCHENRY,111,250
BLACK INK TATTOO INC,102970,42.24856947,-88.30039011,ACTIVE,MCHENRY,111,250
LADY LUCK TATTOO INC,103341,42.31655789,-88.44647432,ACTIVE,MCHENRY,111,854
BLUE MAGIC TATTOO & BODY PIERC,103366,42.23227329,-88.33413178,ACTIVE,MCHENRY,111,250
SIDESHOW STUDIO TATTOO,103457,42.32993078,-88.20173137,ACTIVE,MCHENRY,111,250
AREA 51 TATTOOS,104505,42.24273892,-88.31760059,ACTIVE,MCHENRY,111,250
EXPLOSIVE INK TATTOO,104836,42.47078943,-88.43279081,ACTIVE,MCHENRY,111,250
LUNCHBOX TATTOO,104976,42.38082959,-88.23751006,ACTIVE,MCHENRY,111,250
LADY LUCK TATTOO STUDIO,105916,42.3158593,-88.44672075,ACTIVE,MCHENRY,111,250
DOC FINN'S II ANCIENT ART,106070,42.19916946,-88.21960162,ACTIVE,MCHENRY,111,250
LUNCHBOX TATTOO,106344,42.34320988,-88.25410062,ACTIVE,MCHENRY,111,250
COMPETITION KUSTOMS,106799,42.34449928,-88.26686099,ACTIVE,MCHENRY,111,250
LUNCHBOX TATTOO,106955,42.32621113,-88.26731087,ACTIVE,MCHENRY,111,100
ARTKORE TATTOO & BODY PIERCING,100065,40.50951744,-88.98506306,ACTIVE,MCLEAN,113,100
VICKI L TILTON LLC,101154,40.48124449,-88.99480772,ACTIVE,MCLEAN,113,100
GRAPHIC FLESH TATTOO & BODY,101204,40.50566824,-88.99488988,ACTIVE,MCLEAN,113,100
SHOW LOVE TATTOO STUDIO,101659,40.4737461,-88.95838422,ACTIVE,MCLEAN,113,100
EXQUISITE PIERCING AND TATTOO,102558,40.48146205,-88.9937197,ACTIVE,MCLEAN,113,100
INK FEVER,103234,40.44794046,-88.98568058,ACTIVE,MCLEAN,113,100
PSYCHOPATHIC INK TATTOOS,103838,40.48243543,-88.99468373,ACTIVE,MCLEAN,113,100
ANEUMATIC TATTOOS,103945,40.48062122,-88.99368289,ACTIVE,MCLEAN,113,100
GRAPHIC FLESH TATTOO & BODY,103978,40.50827927,-88.99486751,ACTIVE,MCLEAN,113,750
YESTERDAY'S HERO TATTOO,104000,40.5008034,-88.92809589,ACTIVE,MCLEAN,113,100
SMOKIN ACES TATTOO CO,104299,40.4840288,-88.99381131,ACTIVE,MCLEAN,113,100
JOLLY ROGER'S TATTOO AND BODY,106088,40.4887646,-88.95472939,ACTIVE,MCLEAN,113,100
TATTOO THE FUTURE,106187,40.48224103,-88.99884527,ACTIVE,MCLEAN,113,100
IRON AND INK_CUSTOM TATTOOS,106419,40.48152198,-88.99568556,ACTIVE,MCLEAN,113,100
GLO FACIAL SPA AND SKIN CENTER,106468,40.48501028,-88.99771018,ACTIVE,MCLEAN,113,100
ENDURING BEAUTY,106724,40.50149788,-88.95444544,ACTIVE,MCLEAN,113,250
CHIGGER FEST / ABATE,201277,40.32547075,-89.24228623,ACTIVE,MCLEAN,113,250
ETERNAL INK TATTOO STUDIO,103010,38.30527021,-89.99438001,ACTIVE,MONROE,133,250
ACCENTUATED BEAUTY MARKS,104950,38.33635436,-90.14876076,ACTIVE,MONROE,133,250
WALK THE PLANK TATTOO,102731,39.16009156,-89.49340261,ACTIVE,MONTGOMERY,135,250
PITBULL TATTOO COMPANY,106153,39.15594089,-89.49210391,ACTIVE,MONTGOMERY,135,250
HOUSE OF INK TATTOO,102269,39.73238115,-90.21842058,ACTIVE,MORGAN,137,250
BACK ALLEY TATTOO & PIERCING,105825,39.73487008,-90.22861021,ACTIVE,MORGAN,137,250
UNIQUE INK TATTOO STUDIO,101139,42.12744009,-89.40401212,ACTIVE,OGLE,141,250
SHARON'S SALON & SPA,106757,42.04930526,-89.42769712,ACTIVE,OGLE,141,250
DREAM ILLUSTRATIONS TATTOOS,100248,40.91679031,-89.48549063,ACTIVE,PEORIA,143,250
FREEDOM INK TATTOO CO,100388,40.74638042,-89.63312105,ACTIVE,PEORIA,143,250
I'M NO ANGEL PRODUCTIONS INC,100438,40.70431059,-89.63418115,ACTIVE,PEORIA,143,500
MAD TATTOO STUDIO,102863,40.71987176,-89.61291633,ACTIVE,PEORIA,143,250
TWISTED VISION,103135,40.73199072,-89.58131098,ACTIVE,PEORIA,143,100
LEGENDS OF INK,103275,40.92070589,-89.48568921,ACTIVE,PEORIA,143,100
EPIC IMAGE,103846,40.71768613,-89.55890179,ACTIVE,PEORIA,143,100
PEORIA INK CORP,103903,40.69970195,-89.60944308,ACTIVE,PEORIA,143,100
MOJO STUDIOS,104034,40.71787175,-89.61201234,ACTIVE,PEORIA,143,100
SMOKE N INK,105957,40.71962053,-89.60337063,ACTIVE,PEORIA,143,100
S P COSMETICS LLC,106666,40.7345723,-89.63215771,ACTIVE,PEORIA,143,100
LOOKS GOOD PERMANENT COSMETICS,106781,40.73623112,-89.57420025,ACTIVE,PEORIA,143,100
SIN IN SKIN INK,106849,40.63792069,-89.66484108,ACTIVE,PEORIA,143,250
DARK STAR INK STUDIO,103218,39.79715022,-90.65542893,ACTIVE,PIKE,149,250
TATTOO BOBS,105874,39.53766076,-91.00710937,ACTIVE,PIKE,149,250
TATTOOS BY DAVID HILL,100834,37.29361614,-88.97156712,ACTIVE,PULASKI,153,250
VISUAL ASPECTS,104547,37.93030892,-89.8025367,ACTIVE,RANDOLPH,157,250
GOFF INK,103051,38.71910136,-88.08485976,ACTIVE,RICHLAND,159,250
SCARECROW STUDIOS,106740,38.73014089,-88.09418055,ACTIVE,RICHLAND,159,250
RITES OF PASSAGE,100719,41.50495384,-90.51577133,ACTIVE,ROCK ISLAND,161,250
JAMMERZ TATZ,101642,41.55817027,-90.2779809,ACTIVE,ROCK ISLAND,161,250
FALLEN ANGEL TATTOO & PIERCING,101667,41.5114602,-90.41208007,WAIT/NO $$$,ROCK ISLAND,161,250
ALI-KATT'S TATTS,102012,41.51177016,-90.41575009,ACTIVE,ROCK ISLAND,161,250
EDGE,102202,41.49734013,-90.5467404,ACTIVE,ROCK ISLAND,161,250
YAKUZA TATTOO,102236,41.49683457,-90.52775833,ACTIVE,ROCK ISLAND,161,250
JADED GYPSY TATTOO,103267,41.47320545,-90.58356718,ACTIVE,ROCK ISLAND,161,100
MENO'S INK,103788,41.51603811,-90.44212258,ACTIVE,ROCK ISLAND,161,100
JACKSON TATTOO COMPANY,104679,41.49681908,-90.52775774,ACTIVE,ROCK ISLAND,161,100
GARDEN CITY TATTOOS & BODY PIE,104919,41.49173015,-90.48989073,ACTIVE,ROCK ISLAND,161,100
O'TOOL DESIGN CUSTOM TATTOO,105171,41.49351109,-90.54453032,ACTIVE,ROCK ISLAND,161,100
PAINTED MONKEY TATTOO,106351,41.51627098,-90.43929007,ACTIVE,ROCK ISLAND,161,100
TAT SPOT,106427,41.50953361,-90.58572765,ACTIVE,ROCK ISLAND,161,100
INKFATHERS ART PARLOR,106674,41.49520034,-90.54764033,ACTIVE,ROCK ISLAND,161,250
DOG HOUSE TATTOOS,104240,37.73940634,-88.53326474,ACTIVE,SALINE,165,1000
MIRAGE SALON,105973,37.73690976,-88.53325263,ACTIVE,SALINE,165,250
NEVER TAP TATTOO,106310,37.74044547,-88.53107526,ACTIVE,SALINE,165,250
COLOR DERM PERMANENT MAKEUP,100172,39.76401015,-89.6701001,ACTIVE,SANGAMON,167,250
SOLO'S TATTOOS THE DREAMTIME,100255,39.75682106,-89.61656045,ACTIVE,SANGAMON,167,250
SOLO'S TATTOOS THE FAT CAT STU,100271,39.80884947,-89.60565588,ACTIVE,SANGAMON,167,250
SO BEAUTIFUL PERMANENT MAKE-UP,101394,39.79064055,-89.7049601,ACTIVE,SANGAMON,167,250
BLACK MOON TATTOOS,101725,39.79605249,-89.66841004,ACTIVE,SANGAMON,167,250
ARTISTS EDGE TATTOO & BODY,101733,39.81647011,-89.62478083,ACTIVE,SANGAMON,167,250
DMENTED INK,101741,39.79030062,-89.70488059,WAIT/NO $$$,SANGAMON,167,100
NEWAGE TATTOOS & BODY PIERCING,101931,39.76690272,-89.66814217,ACTIVE,SANGAMON,167,100
SISCO TATTOO STUDIO,102392,39.72483713,-89.91236406,ACTIVE,SANGAMON,167,100
TWISTED PIPES-SINNERS PARADISE,105130,39.80560141,-89.60580551,ACTIVE,SANGAMON,167,100
STYX UNLIMITED TATTOO EMPORIUM,105213,39.75782401,-89.63167806,ACTIVE,SANGAMON,167,100
RT 66 MONSTER TATTOOS,105288,39.85206742,-89.6230306,ACTIVE,SANGAMON,167,100
OUTKAST TATTOO COMPANY,105635,39.76417031,-89.6794405,ACTIVE,SANGAMON,167,100
STEADY HANDS TATTOO,106914,39.80064347,-89.65014663,ACTIVE,SANGAMON,167,100
ADDICTIVE INK TATTOOS,104158,39.40671727,-88.79336257,ACTIVE,SHELBY,173,100
ALMIGHTY STUDIOS,100032,38.54238317,-90.02611016,ACTIVE,ST. CLAIR,163,100
ELECTROLYSIS CONSULTANTS LTD,100115,38.56136036,-90.0468008,WAIT/NO $$$,ST. CLAIR,163,100
INKWELL,100479,38.59303084,-90.00766007,ACTIVE,ST. CLAIR,163,100
SCREAMIN DEMON TATTOO,100743,38.59294096,-89.9980604,ACTIVE,ST. CLAIR,163,1000
TOMMY GUN TATTOOS,100925,38.49026108,-89.79025089,WAIT/NO $$$,ST. CLAIR,163,250
EAST SIDE TATTOOS,101907,38.61167016,-90.15486068,ACTIVE,ST. CLAIR,163,250
INTEGRITY TATTOOS INC,102384,38.51758054,-89.98422034,ACTIVE,ST. CLAIR,163,250
ROYAL PALACE TATTOO STUDIO,106112,38.61323581,-90.12169405,ACTIVE,ST. CLAIR,163,250
BIG DAWG INK,105411,41.09392796,-89.86573721,ACTIVE,STARK,175,250
DERMAL ADDICTION INC,101758,42.28040934,-89.62455038,ACTIVE,STEPHENSON,177,250
ZEALOUS ART STUDIO AND TATTOO,103853,42.29831539,-89.62038628,ACTIVE,STEPHENSON,177,250
"STUDIO, SKIN AND BODY",105437,42.29465961,-89.63146061,ACTIVE,STEPHENSON,177,250
AMERICAN INKWELL,100040,40.57834078,-89.64113057,ACTIVE,TAZEWELL,179,100
HYBRID ART STUDIOS,100420,40.66615413,-89.55437404,ACTIVE,TAZEWELL,179,100
BIG TOP TATTOOS,102426,40.55788085,-89.61498067,ACTIVE,TAZEWELL,179,100
INFINITY STUDIOS,102467,40.71319008,-89.40982025,ACTIVE,TAZEWELL,179,250
PERMANENT MAKE UP BY DEB,102491,40.70344114,-89.40557037,ACTIVE,TAZEWELL,179,250
PSYCHEDELIC SIGHTS,102913,40.57042546,-89.64434341,ACTIVE,TAZEWELL,179,250
INSANE INK TATTOO,102947,40.55652855,-89.63802099,ACTIVE,TAZEWELL,179,250
VIVID IMAGE ARTS & TATTOOING,106609,37.45138281,-89.2658752,ACTIVE,UNION,181,250
FANTASIES IN INK,100487,40.16646867,-87.80574207,ACTIVE,VERMILION,183,250
MIKE'S TATTOOS,100610,40.13640016,-87.6301109,ACTIVE,VERMILION,183,100
SKIN DEEP TATTOO,103994,40.04313313,-87.6386245,ACTIVE,VERMILION,183,100
TUTTLE'S TAT'S,104075,40.46734767,-87.66828024,ACTIVE,VERMILION,183,100
ESCAPE DAY SPA,104869,40.1237879,-87.62986817,ACTIVE,VERMILION,183,100
INKFUL THOUGHTS 2,105320,40.13265063,-87.63559001,ACTIVE,VERMILION,183,1000
IN YOUR SKIN,106096,40.12778108,-87.60793062,ACTIVE,VERMILION,183,100
GET IT IN INK,106237,40.46731647,-87.6706603,ACTIVE,VERMILION,183,100
IRON TIDE GALLERY,106245,40.13185095,-87.63560038,ACTIVE,VERMILION,183,100
KILL SWITCH TATTOO & CUSTOM BI,106302,40.46638041,-87.68762017,ACTIVE,VERMILION,183,100
SOUTHERN EXPOSURE TATTOO STUDI,105239,40.9115037,-90.63103426,ACTIVE,WARREN,187,100
FORBIDDEN LINES TATTOO,103713,38.34399612,-89.39263909,ACTIVE,WASHINGTON,189,100
FORBIDDEN LINES TATTOO,105510,38.34004968,-89.38078204,ACTIVE,WASHINGTON,189,100
FOREVER YOUNG PERMANENT MAKEUP,106807,38.08309971,-88.18280003,ACTIVE,WHITE,193,250
TIM'S PROFESSIONAL TATTOOING,100867,41.7902406,-89.71600773,ACTIVE,WHITESIDE,195,250
DOCS TATTOOING & BODY PIERCING,102277,41.78744986,-89.6925763,ACTIVE,WHITESIDE,195,250
TATTOO ME NOW,102723,41.78801959,-89.69569842,ACTIVE,WHITESIDE,195,250
INK STORM TATTOO,104018,41.78744986,-89.6925763,ACTIVE,WHITESIDE,195,250
ZODIAC STUDIOS,104190,41.65648824,-90.07962626,ACTIVE,WHITESIDE,195,250
LOVE-4-TATTS,104216,41.765176,-89.76354895,ACTIVE,WHITESIDE,195,250
LOVE 4 TATT2'S,104745,41.78849062,-89.70458027,ACTIVE,WHITESIDE,195,250
SKIN DEEP,105049,41.80379697,-89.69876936,ACTIVE,WHITESIDE,195,250
"WAR PAINT TATTOOS, PIERCING",105189,41.80381184,-89.6986966,ACTIVE,WHITESIDE,195,250
OPIE'S TATS,105296,41.80983452,-89.96664611,ACTIVE,WHITESIDE,195,250
HOUSE OF PAIN TATTOO & PIERCIN,105395,41.78892623,-89.6962549,ACTIVE,WHITESIDE,195,250
JOHNNY'S RESALE,106518,41.67193431,-89.9355798,ACTIVE,WHITESIDE,195,500
FLESH GEAR,100362,41.5048,-88.12589077,ACTIVE,WILL,197,250
PORES OF COLOR TATTOOS,100685,41.50647081,-87.80580055,ACTIVE,WILL,197,250
WOLF'S FINE LINE TATTOO,101253,41.54297047,-88.1085752,ACTIVE,WILL,197,250
TATTOO WAREHOUSE,101717,41.59180078,-88.1849003,ACTIVE,WILL,197,100
TATTOO WAREHOUSE II,102772,41.29796122,-88.14156062,ACTIVE,WILL,197,100
A THIN LINE TATTOO LLC,103028,41.65749173,-88.20355352,ACTIVE,WILL,197,100
INK FOR LIFE,104455,41.26460234,-88.21278463,ACTIVE,WILL,197,100
CONSTABLE TATTOO PARLOR,104810,41.60844016,-88.21249009,ACTIVE,WILL,197,100
SUBURBAN 171S WASTED YOUTH TAT,105718,41.67081048,-88.07400003,ACTIVE,WILL,197,100
BODYWORKS BY GAYLE,105999,41.54140797,-87.84740987,ACTIVE,WILL,197,100
LABYRINTH TATTOO,106005,41.44572543,-88.20697302,ACTIVE,WILL,197,250
BLUE COLLAR TATTOO,106294,41.60263225,-88.22589878,ACTIVE,WILL,197,250
TATTOO KONCEPTS INK,106393,41.53783018,-88.09869114,ACTIVE,WILL,197,250
TATTOO CITY SKIN ART STUDIO,106476,41.58210087,-88.06093085,ACTIVE,WILL,197,250
7 DAY GALLERY,106963,41.596169,-88.03614616,ACTIVE,WILL,197,250
DARKSIDE TATTOOS,100198,37.80439277,-89.02896537,ACTIVE,WILLIAMSON,199,250
UNIQUE INK CUSTOM TATTOOS,102004,37.73077102,-88.94130109,ACTIVE,WILLIAMSON,199,250
IRON ANCHOR TATTOO,102962,37.74126025,-88.93393109,ACTIVE,WILLIAMSON,199,250
ANGELIC ARTISTRY PERMANENT MAK,103390,37.74506874,-88.98110201,ACTIVE,WILLIAMSON,199,250
GLAMBITION PERMANENT COSMETICS,105064,37.80450811,-89.02759817,ACTIVE,WILLIAMSON,199,100
DELICIOUS INK TATTOO,100222,42.26085786,-89.05969552,ACTIVE,WINNEBAGO,201,100
EURO 2 TATTOO,100305,42.26680131,-89.00110015,ACTIVE,WINNEBAGO,201,100
EUROPEAN BODY JEWELS,100313,42.23799958,-89.06040099,ACTIVE,WINNEBAGO,201,100
FATE TATTOO,100347,42.25246763,-89.07262269,WAIT/NO $$$,WINNEBAGO,201,500
SHOP,100396,42.26690102,-89.0783502,ACTIVE,WINNEBAGO,201,100
MANS RUIN,100784,42.26689998,-89.07748012,ACTIVE,WINNEBAGO,201,100
DREAMLINE TATTOOS,101162,42.28752449,-89.08071375,WAIT/NO $$$,WINNEBAGO,201,250
CELLAR DWELLER TATTOOS & BODY,102061,42.26588696,-89.03877453,ACTIVE,WINNEBAGO,201,250
SACRED ART TATTOO,102103,42.26810987,-89.08852014,ACTIVE,WINNEBAGO,201,250
ROCK CITY TATTOO COMPANY,102343,42.26391902,-89.02821083,ACTIVE,WINNEBAGO,201,250
ODDS N ENDS TATTOO,103283,42.25385594,-89.02904416,ACTIVE,WINNEBAGO,201,250
TATTOO BOBS,103291,42.31011855,-89.04176637,ACTIVE,WINNEBAGO,201,250
TATTOO BOBS,103309,42.23330979,-89.07225106,ACTIVE,WINNEBAGO,201,250
SWANK BOUTIQUE & GALLERY,103416,42.26918154,-89.09047483,ACTIVE,WINNEBAGO,201,250
EURO 2 TATTOO MOBILE,103655,42.26680131,-89.00110015,ACTIVE,WINNEBAGO,201,250
TATTOOS BY ACE,103705,42.25296433,-89.08535188,ACTIVE,WINNEBAGO,201,250
DEFINING FEATURES PERMANENT,103804,42.41704952,-89.00957197,ACTIVE,WINNEBAGO,201,100
ABERRATION TATTOO & PIERCING,103986,42.48874948,-89.03870224,ACTIVE,WINNEBAGO,201,100
SAINT HEATHENS ART OF REBELLON,104349,42.1806964,-89.0720259,ACTIVE,WINNEBAGO,201,100
JUST TATS,104513,42.26859959,-89.08852014,ACTIVE,WINNEBAGO,201,100
ROCKFORD TATTOO COMPANY,104562,42.26019264,-89.0573064,ACTIVE,WINNEBAGO,201,100
TWILIGHT DREAMZ TATTOO & BODY,105668,42.49290017,-89.03703435,ACTIVE,WINNEBAGO,201,100
STAY TRUE TATTOO,106443,42.2669087,-89.0820997,ACTIVE,WINNEBAGO,201,100
BOURBON ST INK TATTOO PARLOR,106732,42.26587906,-89.03845001,ACTIVE,WINNEBAGO,201,458
SACRED ART TATTOO,106997,42.3919399,-89.01521078,ACTIVE,WINNEBAGO,201,100
DURAND BIKER BASH,201285,42.42837285,-89.33163942,ACTIVE,WINNEBAGO,201,100
DURAND BIKER BASH,201293,42.42837285,-89.33163942,ACTIVE,WINNEBAGO,201,100
